AnimeChapterKey,AnimeKey,ChapterNumber,Logo,CreatedDate,UpdatedDate
1,2,2,logo_kzVQHtqcq,2/16/2008,12/13/2024
2,10,16,logo_qcfQcCu,5/2/2010,12/16/2024
3,7,11,logo_Svps,7/5/2000,5/23/2024
4,3,8,logo_uug,1/25/2004,4/4/2024
5,6,1,logo_TMp,12/6/2006,3/13/2024
6,4,9,logo_qjhqrQYA,11/15/2001,1/7/2024
7,3,15,logo_ylr,7/30/2006,4/11/2024
8,8,12,logo_mSptXnVu,4/7/2001,12/5/2024
9,8,1,logo_bYbO,3/2/2007,9/25/2024
10,10,7,logo_FrHIxj,4/9/2009,7/27/2024
11,4,1,logo_SspExOIg,3/24/2005,9/12/2024
12,8,7,logo_fXFdB,10/10/2010,1/10/2024
13,2,19,logo_vzuagY,8/29/2007,8/3/2024
14,2,1,logo_JCfZcHBGA,9/8/2003,8/30/2024
15,6,13,logo_xUbDnvVCu,4/27/2010,5/3/2024
16,9,16,logo_VncK,7/11/2003,12/8/2024
17,2,6,logo_skzdTPYE,3/25/2003,8/25/2024
18,10,8,logo_Fzd,3/25/2002,6/20/2024
19,9,9,logo_CRbiYpvw,2/12/2008,8/23/2024
20,2,12,logo_rtpclnPw,12/10/2003,7/19/2024
21,1,16,logo_ZBzf,10/25/2003,6/15/2024
22,5,7,logo_JLDwZEaL,10/16/2001,10/8/2024
23,8,18,logo_DVOuEgDhYg,6/11/2000,5/9/2024
24,7,10,logo_bNHC,6/6/2007,10/21/2024
25,3,20,logo_xtQ,10/16/2000,11/8/2024
26,4,3,logo_xyDIYWdbuF,5/23/2010,1/11/2024
27,5,15,logo_MXpzXvjV,2/23/2006,3/10/2024
28,2,4,logo_Nvk,11/15/2003,7/1/2024
29,5,9,logo_qJUSgQz,11/14/2007,6/29/2024
30,10,5,logo_ixjkllp,9/16/2009,10/15/2024
