ManwhaChapterKey,ManwhaKey,ChapterNumber,Logo,CreatedDate,UpdatedDate,PagesCount
1,3,13,logo_NFRLMGhezt,10/16/2000,3/7/2024,123
2,6,15,logo_fpUyU,8/21/2006,1/25/2024,6
3,6,1,logo_OEupFcQmO,8/25/2002,2/24/2024,8
4,4,3,logo_kpU,6/17/2003,6/9/2024,43
5,7,18,logo_csch,5/29/2007,7/22/2024,567
6,2,10,logo_xYw,10/18/2000,1/23/2024,234
7,9,17,logo_iOvngFPY,3/15/2007,2/14/2024,8
8,6,17,logo_Stdmqx,2/5/2001,7/12/2024,98
9,3,5,logo_INZuVr,4/3/2001,2/25/2024,23
10,4,6,logo_SfeYwgTmC,11/24/2006,9/7/2024,1
11,5,17,logo_ybHVATiP,2/20/2000,2/20/2024,8
12,1,17,logo_HUcFZEbkn,10/30/2010,10/2/2024,234
13,3,8,logo_byIUDjeEm,9/4/2001,2/29/2024,756
14,9,11,logo_pRjzGgI,2/28/2003,8/10/2024,12
15,4,3,logo_HTJYtzj,6/20/2010,9/16/2024,7
16,5,6,logo_gRESkkM,10/29/2009,2/22/2024,12
17,8,11,logo_mOLROewvAn,9/22/2007,9/1/2024,5
18,10,15,logo_OSzb,6/3/2010,7/1/2024,78
19,7,8,logo_xGlOOrR,7/24/2000,10/18/2024,23
20,6,6,logo_VmJTwKhQ,5/30/2008,6/22/2024,4576
21,7,3,logo_vXsYKx,6/1/2003,2/18/2024,344
22,8,3,logo_qgXPe,5/26/2001,1/17/2024,12
23,3,19,logo_sev,6/5/2005,9/27/2024,8
24,10,19,logo_ukemQj,4/23/2006,7/13/2024,23
25,8,6,logo_LykQh,12/12/2005,6/16/2024,3
26,1,19,logo_wSZjii,9/6/2007,11/14/2024,7
27,4,17,logo_arLip,9/3/2007,3/31/2024,3
28,1,7,logo_iYUyhfull,1/20/2000,5/25/2024,7
29,3,1,logo_uOtVvp,12/11/2008,9/12/2024,234
30,1,1,logo_PQtN,8/29/2007,2/2/2024,76
