MangaChapterKey,MangaKey,ChapterNumber,Logo,CreatedDate,UpdatedDate,PagesCount
1,7,11,logo_meG,9/17/2005,9/23/2024,1
2,10,14,logo_CRtQOrVUB,4/10/2005,1/15/2024,2
3,6,7,logo_jjnmJ,10/4/2006,2/24/2024,3
4,6,2,logo_UDHQyUBFR,10/1/2003,9/19/2024,4
5,2,15,logo_qGMfJzb,9/19/2007,6/1/2024,56
6,10,1,logo_qAacs,3/7/2002,10/22/2024,7
7,1,1,logo_verSEdhfy,11/26/2007,8/28/2024,8
8,9,15,logo_TpaMa,1/25/2004,4/19/2024,4
9,7,18,logo_LgkKctN,2/25/2001,3/8/2024,56
10,3,1,logo_qsipWTD,8/8/2000,9/2/2024,32
11,8,20,logo_cvv,8/16/2001,5/20/2024,342
12,2,4,logo_TpBpKR,8/24/2002,4/13/2024,34
13,10,7,logo_DFzs,9/18/2001,5/21/2024,65
14,4,12,logo_GmHKoLvb,5/14/2006,3/17/2024,64
15,9,17,logo_PLhQV,3/2/2004,8/26/2024,4
16,4,2,logo_RBMMnvWPT,6/17/2009,8/10/2024,7
17,10,14,logo_GXtgi,5/1/2009,7/30/2024,23
18,10,15,logo_KEZqW,9/6/2009,12/17/2024,37
19,6,10,logo_cCbtn,8/14/2005,9/28/2024,5
20,8,18,logo_NkWEKFQ,4/22/2003,6/3/2024,7
21,9,2,logo_PcA,2/6/2003,4/11/2024,34
22,1,3,logo_aQce,2/3/2000,10/27/2024,52
23,6,17,logo_nMxkEfhNtj,11/14/2004,5/28/2024,32
24,6,1,logo_qjuuPzv,9/19/2009,11/6/2024,52
25,7,8,logo_vGvHRo,3/18/2006,8/16/2024,1
26,5,3,logo_TiAQqKmNv,12/25/2003,4/20/2024,2
27,10,6,logo_Txp,5/4/2010,6/4/2024,35
28,9,20,logo_HAJShN,7/9/2001,11/9/2024,5
29,3,16,logo_nnIhJWCp,11/30/2010,2/19/2024,1
30,10,16,logo_plNVV,11/30/2007,12/17/2024,123
