Folder,Title,CreatedDate,UpdatedDate
folder_LpeA,title_ukIKXXhw,3/26/2008,12/16/2024
folder_IaZtKgu,title_Plugvmm,2/23/2009,9/29/2024
folder_lrqhFKWsLg,title_GYrkQIyQrl,4/17/2006,9/26/2024
folder_ePQ,title_BOAEM,1/17/2008,5/25/2024
folder_vMgfQcfVcG,title_HrN,11/10/2007,10/29/2024
folder_AFLikQ,title_bSktfdZcAw,1/2/2006,5/24/2024
folder_BeTixHya,title_QfBvYAsCs,5/10/2008,11/18/2024
folder_pRmNbHZP,title_ahagKNH,6/13/2005,8/14/2024
folder_fZq,title_chVh,12/28/2007,8/17/2024
folder_cNLlm,title_nUDsoS,4/17/2010,12/21/2024
